<?xml version="1.0" encoding="UTF-8"?>

<faces-config xmlns="http://java.sun.com/xml/ns/javaee"
	xmlns:xsi="http://www.w3.org/2001/XMLSchema-instance"
	xsi:schemaLocation="http://java.sun.com/xml/ns/javaee http://java.sun.com/xml/ns/javaee/web-facesconfig_2_0.xsd"
	version="2.0">

	<application>
		<action-listener>org.springframework.faces.webflow.FlowActionListener</action-listener>
		<action-listener>org.springframework.faces.model.SelectionTrackingActionListener</action-listener>
        <el-resolver>org.springframework.faces.webflow.FlowELResolver</el-resolver>
	</application>

	<factory>
		<application-factory>org.springframework.faces.webflow.FlowApplicationFactory</application-factory>
		<faces-context-factory>org.springframework.faces.webflow.context.portlet.PortletFacesContextFactory</faces-context-factory>
	</factory>

	<lifecycle>
		<phase-listener>org.springframework.faces.support.RequestLoggingPhaseListener</phase-listener>
	</lifecycle>

	<render-kit>
		<render-kit-id>HTML_BASIC</render-kit-id>
		<render-kit-class>org.springframework.faces.webflow.FlowRenderKit</render-kit-class>
	</render-kit>

</faces-config>
